{
  "metric": "GPTZero non-human detection probability (ai + mixed)",
  "api_version": "2026-03-30-base",
  "api_neat_version": "4.4b",
  "item_level": {
    "r": 0.025666665898268,
    "p": 0.5990384709757686,
    "n": 422
  },
  "person_level": {
    "r": 0.0359436148398784,
    "p": 0.6549344851014882,
    "n": 157
  },
  "by_task": {
    "social_media": {
      "r": 0.005479860028675267,
      "p": 0.9498937984527053,
      "n": 134
    },
    "business_pitch": {
      "r": 0.1181811870903491,
      "p": 0.15255517879851657,
      "n": 148
    },
    "interview": {
      "r": -0.05304558462121142,
      "p": 0.5336426141542849,
      "n": 140
    }
  }
}